8101030104,êŒéÎêÏêÖån,ãôêÏ,
0.200,235.000,7.326,11.132,10.820,10.700,1.610,1.790,20240315,
0.400,201.000,7.390,11.313,10.960,10.980,1.470,1.890,20240315,
0.600,203.000,7.486,11.396,10.990,11.110,1.690,2.030,20240315,
0.800,209.000,8.085,11.358,11.100,11.040,1.030,1.940,20240315,
1.000,192.000,10.887,6.213,10.780,10.870,1.750,2.080,20240315,
1.082,82.000,12.382,12.395,,,1.500,2.660,20240315,
1.200,118.000,7.724,7.409,10.690,10.940,1.290,2.520,20240315,
1.400,202.000,11.185,7.334,11.130,10.750,1.990,2.710,20240315,
1.600,200.000,11.442,6.617,11.380,11.420,2.400,3.000,20240315,
1.800,207.000,11.506,11.421,11.600,11.280,1.370,3.030,20240315,
2.000,203.000,11.096,7.851,11.170,11.500,2.170,3.550,20240315,
2.200,202.000,7.992,11.601,11.260,11.730,3.080,3.680,20240315,
2.400,200.000,11.704,11.544,11.890,11.500,2.770,3.960,20240315,
2.600,205.000,8.378,11.761,11.980,11.720,1.900,4.260,20240315,
2.800,207.000,8.747,11.889,12.200,11.970,3.180,4.570,20240315,
3.000,200.000,8.876,12.040,11.910,12.120,3.570,4.600,20240315,
3.200,203.000,10.819,9.148,13.180,11.730,3.740,4.990,20240315,
3.251,51.000,13.522,13.611,,,3.590,4.900,20240315,
3.400,149.000,9.451,9.812,12.290,11.690,3.960,5.170,20240315,
3.600,248.000,12.975,10.001,13.060,12.950,3.100,5.310,20240315,
3.800,199.000,13.250,13.098,13.200,13.200,4.490,5.820,20240315,
4.000,202.000,13.489,13.349,13.480,13.380,4.700,5.270,20240315,
4.169,182.000,13.872,13.656,13.850,13.280,5.810,6.200,20240315,
4.200,26.000,13.936,13.497,14.130,13.560,7.250,7.360,20240315,
4.400,201.000,14.237,13.162,14.170,14.450,6.390,6.860,20240315,
4.600,202.000,13.087,14.309,14.210,14.300,6.510,7.470,20240315,
4.800,200.000,14.621,14.595,15.160,14.600,7.160,7.460,20240315,
4.986,182.000,16.282,16.285,,,6.680,7.990,20240315,
5.000,14.000,16.352,13.609,16.320,16.010,6.870,7.810,20240315,
5.200,204.000,15.322,15.311,15.270,15.330,7.700,8.650,20240315,
5.400,198.000,16.510,16.481,16.240,16.120,7.850,8.980,20240315,
5.600,198.000,16.491,16.387,16.670,16.330,7.800,9.290,20240315,
5.800,196.000,17.222,16.867,17.190,16.840,8.460,9.870,20240315,
6.000,202.000,17.673,17.300,17.760,17.200,9.140,10.220,20240315,
6.200,204.000,18.216,17.822,18.290,17.800,9.360,10.750,20240315,
6.300,99.000,18.548,18.185,18.440,18.050,9.990,10.600,20240315,
6.303,1.000,18.505,18.211,18.420,18.040,9.990,10.470,20240315,
6.400,100.000,18.766,18.163,18.730,18.050,10.820,11.290,20240315,
6.600,210.000,19.246,16.126,18.890,18.480,11.310,11.500,20240315,
6.800,203.000,19.609,21.026,19.550,20.990,11.440,11.840,20240315,
6.828,28.000,21.196,21.093,,,11.420,12.010,20240315,
7.000,174.000,20.094,19.854,20.100,19.890,11.800,12.260,20240315,
7.200,205.000,20.945,20.674,20.870,20.510,12.870,13.470,20240315,
7.400,195.000,21.446,21.102,21.130,,13.360,13.880,20240315,
7.600,194.000,21.781,18.983,21.750,,13.720,14.380,20240315,
7.800,180.000,20.760,20.629,,,14.270,14.930,20240315,
8.000,203.000,21.156,22.649,,,14.550,15.330,20240315,
8.200,200.000,21.045,20.159,,,15.510,15.970,20240315,
8.400,194.000,22.080,21.474,,,15.330,16.340,20240315,
8.600,200.000,22.004,21.788,,,16.710,16.970,20240315,
8.792,197.000,25.951,25.713,,,16.760,17.450,20240315,
8.800,8.000,25.693,25.853,,,16.770,17.450,20240315,
9.000,197.000,23.187,24.664,,,17.350,18.130,20240315,
9.156,162.000,25.882,25.866,,,17.160,19.170,20240315,
9.200,46.000,20.992,25.408,,,18.100,19.060,20240315,
9.400,195.000,25.564,27.245,,,18.580,20.140,20240315,
9.573,194.000,26.156,26.016,,,19.410,20.420,20240315,
9.600,1.000,26.217,26.329,,,20.730,21.240,20240315,
9.748,148.000,28.722,28.631,,,20.900,21.420,20240315,
9.800,52.000,28.002,26.546,,,20.710,21.750,20240315,
9.865,68.000,24.253,25.858,,,21.310,22.080,20240315,
9.879,16.000,24.663,25.875,,,20.290,21.450,20240315,
10.000,124.000,28.283,27.743,,,21.650,21.920,20240315,
10.058,60.000,30.295,30.360,,,22.230,22.390,20240315,
10.200,148.000,29.009,28.864,,,22.280,22.560,20240315,
10.400,185.000,29.293,31.009,,,22.690,23.370,20240315,
10.580,193.000,34.259,34.220,,,23.320,24.400,20240315,
10.600,21.000,34.499,34.366,,,23.700,24.230,20240315,
10.741,135.000,34.186,32.574,,,24.890,25.340,20240315,
10.800,57.000,32.938,33.228,,32.890,24.910,25.240,20240315,
11.000,217.000,33.307,33.478,,33.430,24.850,26.310,20240315,
11.200,202.000,34.313,30.056,,,26.400,27.410,20240315,
11.207,7.000,35.809,34.786,,,26.540,27.470,20240315,
11.400,188.000,36.216,35.667,,35.360,27.660,28.100,20240315,
11.435,37.000,36.913,35.857,,,27.970,28.420,20240315,
11.600,172.000,34.631,34.797,,34.700,27.880,29.080,20240315,
11.800,202.000,37.974,35.857,,35.680,29.660,30.470,20240315,
12.000,205.000,39.471,36.549,,37.110,30.890,31.360,20240315,
12.045,44.000,40.216,40.197,,,30.720,31.660,20240315,
12.200,151.000,37.662,38.300,,,31.530,32.620,20240315,
12.400,206.000,38.730,39.226,,,33.300,33.680,20240315,
12.600,202.000,41.035,39.847,,,33.430,34.360,20240315,
12.800,200.000,41.807,40.681,,,34.370,34.920,20240315,
13.000,198.000,44.079,41.660,,,35.600,35.840,20240315,
13.200,200.000,44.177,41.747,,,36.220,36.920,20240315,
13.323,125.000,45.006,44.450,,,40.300,41.150,20240315,
13.332,10.000,45.463,47.044,,,40.460,42.850,20240315,
13.400,69.000,46.009,43.652,,46.280,39.800,41.240,20240315,
13.600,200.000,46.653,46.890,,,42.350,43.730,20240315,
13.704,108.000,47.612,49.345,,,41.560,43.460,20240315,
13.717,14.000,47.933,48.428,,,42.310,43.740,20240315,
